"","scientificNameVerbatim","traitNameVerbatim","NumberOfRecords","OTNdatasetID","curator","accessDate"
"1","Canarium album","LeafArea.cm2.",42,"chinaroots","alexander-keller",2022-08-10
"2","Canarium album","LeafPermiter.cm.",42,"chinaroots","alexander-keller",2022-08-10
"3","Canarium album","LeafWidth.cm.",42,"chinaroots","alexander-keller",2022-08-10
"4","Canarium album","LeafHeight.cm.",42,"chinaroots","alexander-keller",2022-08-10
"5","Canarium album","LeafCircularity",42,"chinaroots","alexander-keller",2022-08-10
"6","Canarium album","LeafAspectRatio",42,"chinaroots","alexander-keller",2022-08-10
"7","Canarium album","LeafRoundness",42,"chinaroots","alexander-keller",2022-08-10
"8","Canarium album","LeafMass.g.",42,"chinaroots","alexander-keller",2022-08-10
"9","Canarium album","SLA.m2.Kg.",42,"chinaroots","alexander-keller",2022-08-10
"10","Nephelium topengii","LeafArea.cm2.",35,"chinaroots","alexander-keller",2022-08-10
"11","Nephelium topengii","LeafPermiter.cm.",35,"chinaroots","alexander-keller",2022-08-10
"12","Nephelium topengii","LeafWidth.cm.",35,"chinaroots","alexander-keller",2022-08-10
"13","Nephelium topengii","LeafHeight.cm.",35,"chinaroots","alexander-keller",2022-08-10
"14","Nephelium topengii","LeafCircularity",35,"chinaroots","alexander-keller",2022-08-10
"15","Nephelium topengii","LeafAspectRatio",35,"chinaroots","alexander-keller",2022-08-10
"16","Nephelium topengii","LeafRoundness",35,"chinaroots","alexander-keller",2022-08-10
"17","Nephelium topengii","LeafMass.g.",35,"chinaroots","alexander-keller",2022-08-10
"18","Nephelium topengii","SLA.m2.Kg.",35,"chinaroots","alexander-keller",2022-08-10
"19","Adinandra hainanensis","LeafArea.cm2.",30,"chinaroots","alexander-keller",2022-08-10
"20","Adinandra hainanensis","LeafPermiter.cm.",30,"chinaroots","alexander-keller",2022-08-10
"21","Adinandra hainanensis","LeafWidth.cm.",30,"chinaroots","alexander-keller",2022-08-10
"22","Adinandra hainanensis","LeafHeight.cm.",30,"chinaroots","alexander-keller",2022-08-10
"23","Adinandra hainanensis","LeafCircularity",30,"chinaroots","alexander-keller",2022-08-10
"24","Adinandra hainanensis","LeafAspectRatio",30,"chinaroots","alexander-keller",2022-08-10
"25","Adinandra hainanensis","LeafRoundness",30,"chinaroots","alexander-keller",2022-08-10
"26","Adinandra hainanensis","LeafMass.g.",30,"chinaroots","alexander-keller",2022-08-10
"27","Adinandra hainanensis","SLA.m2.Kg.",30,"chinaroots","alexander-keller",2022-08-10
"28","Neolitsea cambodiana","LeafArea.cm2.",27,"chinaroots","alexander-keller",2022-08-10
"29","Neolitsea cambodiana","LeafPermiter.cm.",27,"chinaroots","alexander-keller",2022-08-10
"30","Neolitsea cambodiana","LeafWidth.cm.",27,"chinaroots","alexander-keller",2022-08-10
"31","Neolitsea cambodiana","LeafHeight.cm.",27,"chinaroots","alexander-keller",2022-08-10
"32","Neolitsea cambodiana","LeafCircularity",27,"chinaroots","alexander-keller",2022-08-10
"33","Neolitsea cambodiana","LeafAspectRatio",27,"chinaroots","alexander-keller",2022-08-10
"34","Neolitsea cambodiana","LeafRoundness",27,"chinaroots","alexander-keller",2022-08-10
"35","Neolitsea cambodiana","LeafMass.g.",27,"chinaroots","alexander-keller",2022-08-10
"36","Neolitsea cambodiana","SLA.m2.Kg.",27,"chinaroots","alexander-keller",2022-08-10
"37","Neolitsea cambodiana","LeafThickness.mm.",27,"chinaroots","alexander-keller",2022-08-10
"38","Machilus cicatricosa","LeafArea.cm2.",27,"chinaroots","alexander-keller",2022-08-10
"39","Machilus cicatricosa","LeafPermiter.cm.",27,"chinaroots","alexander-keller",2022-08-10
"40","Machilus cicatricosa","LeafWidth.cm.",27,"chinaroots","alexander-keller",2022-08-10
"41","Machilus cicatricosa","LeafHeight.cm.",27,"chinaroots","alexander-keller",2022-08-10
"42","Machilus cicatricosa","LeafCircularity",27,"chinaroots","alexander-keller",2022-08-10
"43","Machilus cicatricosa","LeafAspectRatio",27,"chinaroots","alexander-keller",2022-08-10
"44","Machilus cicatricosa","LeafRoundness",27,"chinaroots","alexander-keller",2022-08-10
"45","Machilus cicatricosa","LeafMass.g.",27,"chinaroots","alexander-keller",2022-08-10
"46","Machilus cicatricosa","SLA.m2.Kg.",27,"chinaroots","alexander-keller",2022-08-10
"47","Machilus cicatricosa","LeafThickness.mm.",27,"chinaroots","alexander-keller",2022-08-10
"48","Adinandra hainanensis","LeafThickness.mm.",27,"chinaroots","alexander-keller",2022-08-10
"49","Cleyera obscurinervia","LeafArea.cm2.",27,"chinaroots","alexander-keller",2022-08-10
"50","Cleyera obscurinervia","LeafPermiter.cm.",27,"chinaroots","alexander-keller",2022-08-10
"51","Cleyera obscurinervia","LeafWidth.cm.",27,"chinaroots","alexander-keller",2022-08-10
"52","Cleyera obscurinervia","LeafHeight.cm.",27,"chinaroots","alexander-keller",2022-08-10
"53","Cleyera obscurinervia","LeafCircularity",27,"chinaroots","alexander-keller",2022-08-10
"54","Cleyera obscurinervia","LeafAspectRatio",27,"chinaroots","alexander-keller",2022-08-10
"55","Cleyera obscurinervia","LeafRoundness",27,"chinaroots","alexander-keller",2022-08-10
"56","Cleyera obscurinervia","LeafMass.g.",27,"chinaroots","alexander-keller",2022-08-10
"57","Cleyera obscurinervia","SLA.m2.Kg.",27,"chinaroots","alexander-keller",2022-08-10
"58","Cleyera obscurinervia","LeafThickness.mm.",27,"chinaroots","alexander-keller",2022-08-10
"59","Schima superba","LeafArea.cm2.",27,"chinaroots","alexander-keller",2022-08-10
"60","Schima superba","LeafPermiter.cm.",27,"chinaroots","alexander-keller",2022-08-10
"61","Schima superba","LeafWidth.cm.",27,"chinaroots","alexander-keller",2022-08-10
"62","Schima superba","LeafHeight.cm.",27,"chinaroots","alexander-keller",2022-08-10
"63","Schima superba","LeafCircularity",27,"chinaroots","alexander-keller",2022-08-10
"64","Schima superba","LeafAspectRatio",27,"chinaroots","alexander-keller",2022-08-10
"65","Schima superba","LeafRoundness",27,"chinaroots","alexander-keller",2022-08-10
"66","Schima superba","LeafMass.g.",27,"chinaroots","alexander-keller",2022-08-10
"67","Schima superba","SLA.m2.Kg.",27,"chinaroots","alexander-keller",2022-08-10
"68","Schima superba","LeafThickness.mm.",27,"chinaroots","alexander-keller",2022-08-10
"69","Engelhardia roxburghiana","LeafArea.cm2.",26,"chinaroots","alexander-keller",2022-08-10
"70","Engelhardia roxburghiana","LeafPermiter.cm.",26,"chinaroots","alexander-keller",2022-08-10
"71","Engelhardia roxburghiana","LeafWidth.cm.",26,"chinaroots","alexander-keller",2022-08-10
"72","Engelhardia roxburghiana","LeafHeight.cm.",26,"chinaroots","alexander-keller",2022-08-10
"73","Engelhardia roxburghiana","LeafCircularity",26,"chinaroots","alexander-keller",2022-08-10
"74","Engelhardia roxburghiana","LeafAspectRatio",26,"chinaroots","alexander-keller",2022-08-10
"75","Engelhardia roxburghiana","LeafRoundness",26,"chinaroots","alexander-keller",2022-08-10
"76","Engelhardia roxburghiana","LeafMass.g.",26,"chinaroots","alexander-keller",2022-08-10
"77","Engelhardia roxburghiana","SLA.m2.Kg.",26,"chinaroots","alexander-keller",2022-08-10
"78","Canarium album","LeafThickness.mm.",24,"chinaroots","alexander-keller",2022-08-10
"79","Lithocarpus amygdalifolius","LeafArea.cm2.",24,"chinaroots","alexander-keller",2022-08-10
"80","Lithocarpus amygdalifolius","LeafPermiter.cm.",24,"chinaroots","alexander-keller",2022-08-10
"81","Lithocarpus amygdalifolius","LeafWidth.cm.",24,"chinaroots","alexander-keller",2022-08-10
"82","Lithocarpus amygdalifolius","LeafHeight.cm.",24,"chinaroots","alexander-keller",2022-08-10
"83","Lithocarpus amygdalifolius","LeafCircularity",24,"chinaroots","alexander-keller",2022-08-10
"84","Lithocarpus amygdalifolius","LeafAspectRatio",24,"chinaroots","alexander-keller",2022-08-10
"85","Lithocarpus amygdalifolius","LeafRoundness",24,"chinaroots","alexander-keller",2022-08-10
"86","Lithocarpus amygdalifolius","LeafMass.g.",24,"chinaroots","alexander-keller",2022-08-10
"87","Lithocarpus amygdalifolius","SLA.m2.Kg.",24,"chinaroots","alexander-keller",2022-08-10
"88","Lithocarpus amygdalifolius","LeafThickness.mm.",24,"chinaroots","alexander-keller",2022-08-10
"89","Cryptocarya chinensis","LeafArea.cm2.",24,"chinaroots","alexander-keller",2022-08-10
"90","Cryptocarya chinensis","LeafPermiter.cm.",24,"chinaroots","alexander-keller",2022-08-10
"91","Cryptocarya chinensis","LeafWidth.cm.",24,"chinaroots","alexander-keller",2022-08-10
"92","Cryptocarya chinensis","LeafHeight.cm.",24,"chinaroots","alexander-keller",2022-08-10
"93","Cryptocarya chinensis","LeafCircularity",24,"chinaroots","alexander-keller",2022-08-10
"94","Cryptocarya chinensis","LeafAspectRatio",24,"chinaroots","alexander-keller",2022-08-10
"95","Cryptocarya chinensis","LeafRoundness",24,"chinaroots","alexander-keller",2022-08-10
"96","Cryptocarya chinensis","LeafMass.g.",24,"chinaroots","alexander-keller",2022-08-10
"97","Cryptocarya chinensis","SLA.m2.Kg.",24,"chinaroots","alexander-keller",2022-08-10
"98","Cryptocarya chinensis","LeafThickness.mm.",24,"chinaroots","alexander-keller",2022-08-10
"99","Cinnamomum parthenoxylon","LeafArea.cm2.",24,"chinaroots","alexander-keller",2022-08-10
"100","Cinnamomum parthenoxylon","LeafPermiter.cm.",24,"chinaroots","alexander-keller",2022-08-10
"101","Cinnamomum parthenoxylon","LeafWidth.cm.",24,"chinaroots","alexander-keller",2022-08-10
"102","Cinnamomum parthenoxylon","LeafHeight.cm.",24,"chinaroots","alexander-keller",2022-08-10
"103","Cinnamomum parthenoxylon","LeafCircularity",24,"chinaroots","alexander-keller",2022-08-10
"104","Cinnamomum parthenoxylon","LeafAspectRatio",24,"chinaroots","alexander-keller",2022-08-10
"105","Cinnamomum parthenoxylon","LeafRoundness",24,"chinaroots","alexander-keller",2022-08-10
"106","Cinnamomum parthenoxylon","LeafMass.g.",24,"chinaroots","alexander-keller",2022-08-10
"107","Cinnamomum parthenoxylon","SLA.m2.Kg.",24,"chinaroots","alexander-keller",2022-08-10
"108","Cinnamomum parthenoxylon","LeafThickness.mm.",24,"chinaroots","alexander-keller",2022-08-10
"109","Lithocarpus pseudovestitus","LeafArea.cm2.",24,"chinaroots","alexander-keller",2022-08-10
"110","Lithocarpus pseudovestitus","LeafPermiter.cm.",24,"chinaroots","alexander-keller",2022-08-10
"111","Lithocarpus pseudovestitus","LeafWidth.cm.",24,"chinaroots","alexander-keller",2022-08-10
"112","Lithocarpus pseudovestitus","LeafHeight.cm.",24,"chinaroots","alexander-keller",2022-08-10
"113","Lithocarpus pseudovestitus","LeafCircularity",24,"chinaroots","alexander-keller",2022-08-10
"114","Lithocarpus pseudovestitus","LeafAspectRatio",24,"chinaroots","alexander-keller",2022-08-10
"115","Lithocarpus pseudovestitus","LeafRoundness",24,"chinaroots","alexander-keller",2022-08-10
"116","Lithocarpus pseudovestitus","LeafMass.g.",24,"chinaroots","alexander-keller",2022-08-10
"117","Lithocarpus pseudovestitus","SLA.m2.Kg.",24,"chinaroots","alexander-keller",2022-08-10
"118","Lithocarpus pseudovestitus","LeafThickness.mm.",24,"chinaroots","alexander-keller",2022-08-10
"119","Nephelium topengii","LeafThickness.mm.",24,"chinaroots","alexander-keller",2022-08-10
"120","Litsea baviensis","LeafArea.cm2.",21,"chinaroots","alexander-keller",2022-08-10
"121","Litsea baviensis","LeafPermiter.cm.",21,"chinaroots","alexander-keller",2022-08-10
"122","Litsea baviensis","LeafWidth.cm.",21,"chinaroots","alexander-keller",2022-08-10
"123","Litsea baviensis","LeafHeight.cm.",21,"chinaroots","alexander-keller",2022-08-10
"124","Litsea baviensis","LeafCircularity",21,"chinaroots","alexander-keller",2022-08-10
"125","Litsea baviensis","LeafAspectRatio",21,"chinaroots","alexander-keller",2022-08-10
"126","Litsea baviensis","LeafRoundness",21,"chinaroots","alexander-keller",2022-08-10
"127","Litsea baviensis","LeafMass.g.",21,"chinaroots","alexander-keller",2022-08-10
"128","Litsea baviensis","SLA.m2.Kg.",21,"chinaroots","alexander-keller",2022-08-10
"129","Litsea baviensis","LeafThickness.mm.",21,"chinaroots","alexander-keller",2022-08-10
"130","Machilus chinensis","LeafArea.cm2.",21,"chinaroots","alexander-keller",2022-08-10
"131","Machilus chinensis","LeafPermiter.cm.",21,"chinaroots","alexander-keller",2022-08-10
"132","Machilus chinensis","LeafWidth.cm.",21,"chinaroots","alexander-keller",2022-08-10
"133","Machilus chinensis","LeafHeight.cm.",21,"chinaroots","alexander-keller",2022-08-10
"134","Machilus chinensis","LeafCircularity",21,"chinaroots","alexander-keller",2022-08-10
"135","Machilus chinensis","LeafAspectRatio",21,"chinaroots","alexander-keller",2022-08-10
"136","Machilus chinensis","LeafRoundness",21,"chinaroots","alexander-keller",2022-08-10
"137","Machilus chinensis","LeafMass.g.",21,"chinaroots","alexander-keller",2022-08-10
"138","Machilus chinensis","SLA.m2.Kg.",21,"chinaroots","alexander-keller",2022-08-10
"139","Cryptocarya chingii","LeafArea.cm2.",21,"chinaroots","alexander-keller",2022-08-10
"140","Cryptocarya chingii","LeafPermiter.cm.",21,"chinaroots","alexander-keller",2022-08-10
"141","Cryptocarya chingii","LeafWidth.cm.",21,"chinaroots","alexander-keller",2022-08-10
"142","Cryptocarya chingii","LeafHeight.cm.",21,"chinaroots","alexander-keller",2022-08-10
"143","Cryptocarya chingii","LeafCircularity",21,"chinaroots","alexander-keller",2022-08-10
"144","Cryptocarya chingii","LeafAspectRatio",21,"chinaroots","alexander-keller",2022-08-10
"145","Cryptocarya chingii","LeafRoundness",21,"chinaroots","alexander-keller",2022-08-10
"146","Cryptocarya chingii","LeafMass.g.",21,"chinaroots","alexander-keller",2022-08-10
"147","Cryptocarya chingii","SLA.m2.Kg.",21,"chinaroots","alexander-keller",2022-08-10
"148","Cryptocarya chingii","LeafThickness.mm.",21,"chinaroots","alexander-keller",2022-08-10
"149","Eurya ciliata","LeafArea.cm2.",21,"chinaroots","alexander-keller",2022-08-10
"150","Eurya ciliata","LeafPermiter.cm.",21,"chinaroots","alexander-keller",2022-08-10
"151","Eurya ciliata","LeafWidth.cm.",21,"chinaroots","alexander-keller",2022-08-10
"152","Eurya ciliata","LeafHeight.cm.",21,"chinaroots","alexander-keller",2022-08-10
"153","Eurya ciliata","LeafCircularity",21,"chinaroots","alexander-keller",2022-08-10
"154","Eurya ciliata","LeafAspectRatio",21,"chinaroots","alexander-keller",2022-08-10
"155","Eurya ciliata","LeafRoundness",21,"chinaroots","alexander-keller",2022-08-10
"156","Eurya ciliata","LeafMass.g.",21,"chinaroots","alexander-keller",2022-08-10
"157","Eurya ciliata","SLA.m2.Kg.",21,"chinaroots","alexander-keller",2022-08-10
"158","Eurya ciliata","LeafThickness.mm.",21,"chinaroots","alexander-keller",2022-08-10
"159","Madhuca hainanensis","LeafArea.cm2.",21,"chinaroots","alexander-keller",2022-08-10
"160","Madhuca hainanensis","LeafPermiter.cm.",21,"chinaroots","alexander-keller",2022-08-10
"161","Madhuca hainanensis","LeafWidth.cm.",21,"chinaroots","alexander-keller",2022-08-10
"162","Madhuca hainanensis","LeafHeight.cm.",21,"chinaroots","alexander-keller",2022-08-10
"163","Madhuca hainanensis","LeafCircularity",21,"chinaroots","alexander-keller",2022-08-10
"164","Madhuca hainanensis","LeafAspectRatio",21,"chinaroots","alexander-keller",2022-08-10
"165","Madhuca hainanensis","LeafRoundness",21,"chinaroots","alexander-keller",2022-08-10
"166","Madhuca hainanensis","LeafMass.g.",21,"chinaroots","alexander-keller",2022-08-10
"167","Madhuca hainanensis","SLA.m2.Kg.",21,"chinaroots","alexander-keller",2022-08-10
"168","Madhuca hainanensis","LeafThickness.mm.",21,"chinaroots","alexander-keller",2022-08-10
"169","Magnolia mediocris","LeafArea.cm2.",21,"chinaroots","alexander-keller",2022-08-10
"170","Magnolia mediocris","LeafPermiter.cm.",21,"chinaroots","alexander-keller",2022-08-10
"171","Magnolia mediocris","LeafWidth.cm.",21,"chinaroots","alexander-keller",2022-08-10
"172","Magnolia mediocris","LeafHeight.cm.",21,"chinaroots","alexander-keller",2022-08-10
"173","Magnolia mediocris","LeafCircularity",21,"chinaroots","alexander-keller",2022-08-10
"174","Magnolia mediocris","LeafAspectRatio",21,"chinaroots","alexander-keller",2022-08-10
"175","Magnolia mediocris","LeafRoundness",21,"chinaroots","alexander-keller",2022-08-10
"176","Magnolia mediocris","LeafMass.g.",21,"chinaroots","alexander-keller",2022-08-10
"177","Magnolia mediocris","SLA.m2.Kg.",21,"chinaroots","alexander-keller",2022-08-10
"178","Magnolia mediocris","LeafThickness.mm.",21,"chinaroots","alexander-keller",2022-08-10
"179","Maclurodendron oligophlebium","LeafArea.cm2.",21,"chinaroots","alexander-keller",2022-08-10
"180","Maclurodendron oligophlebium","LeafPermiter.cm.",21,"chinaroots","alexander-keller",2022-08-10
"181","Maclurodendron oligophlebium","LeafWidth.cm.",21,"chinaroots","alexander-keller",2022-08-10
"182","Maclurodendron oligophlebium","LeafHeight.cm.",21,"chinaroots","alexander-keller",2022-08-10
"183","Maclurodendron oligophlebium","LeafCircularity",21,"chinaroots","alexander-keller",2022-08-10
"184","Maclurodendron oligophlebium","LeafAspectRatio",21,"chinaroots","alexander-keller",2022-08-10
"185","Maclurodendron oligophlebium","LeafRoundness",21,"chinaroots","alexander-keller",2022-08-10
"186","Maclurodendron oligophlebium","LeafMass.g.",21,"chinaroots","alexander-keller",2022-08-10
"187","Maclurodendron oligophlebium","SLA.m2.Kg.",21,"chinaroots","alexander-keller",2022-08-10
"188","Maclurodendron oligophlebium","LeafThickness.mm.",21,"chinaroots","alexander-keller",2022-08-10
"189","Neolitsea ovatifolia","LeafArea.cm2.",21,"chinaroots","alexander-keller",2022-08-10
"190","Neolitsea ovatifolia","LeafPermiter.cm.",21,"chinaroots","alexander-keller",2022-08-10
"191","Neolitsea ovatifolia","LeafWidth.cm.",21,"chinaroots","alexander-keller",2022-08-10
"192","Neolitsea ovatifolia","LeafHeight.cm.",21,"chinaroots","alexander-keller",2022-08-10
"193","Neolitsea ovatifolia","LeafCircularity",21,"chinaroots","alexander-keller",2022-08-10
"194","Neolitsea ovatifolia","LeafAspectRatio",21,"chinaroots","alexander-keller",2022-08-10
"195","Neolitsea ovatifolia","LeafRoundness",21,"chinaroots","alexander-keller",2022-08-10
"196","Neolitsea ovatifolia","LeafMass.g.",21,"chinaroots","alexander-keller",2022-08-10
"197","Neolitsea ovatifolia","SLA.m2.Kg.",21,"chinaroots","alexander-keller",2022-08-10
"198","Neolitsea ovatifolia","LeafThickness.mm.",21,"chinaroots","alexander-keller",2022-08-10
"199","Acronychia pedunculata","LeafArea.cm2.",21,"chinaroots","alexander-keller",2022-08-10
"200","Acronychia pedunculata","LeafPermiter.cm.",21,"chinaroots","alexander-keller",2022-08-10
"201","Acronychia pedunculata","LeafWidth.cm.",21,"chinaroots","alexander-keller",2022-08-10
"202","Acronychia pedunculata","LeafHeight.cm.",21,"chinaroots","alexander-keller",2022-08-10
"203","Acronychia pedunculata","LeafCircularity",21,"chinaroots","alexander-keller",2022-08-10
"204","Acronychia pedunculata","LeafAspectRatio",21,"chinaroots","alexander-keller",2022-08-10
"205","Acronychia pedunculata","LeafRoundness",21,"chinaroots","alexander-keller",2022-08-10
"206","Acronychia pedunculata","LeafMass.g.",21,"chinaroots","alexander-keller",2022-08-10
"207","Acronychia pedunculata","SLA.m2.Kg.",21,"chinaroots","alexander-keller",2022-08-10
"208","Acronychia pedunculata","LeafThickness.mm.",21,"chinaroots","alexander-keller",2022-08-10
"209","Cinnamomum rigidissimum","LeafArea.cm2.",21,"chinaroots","alexander-keller",2022-08-10
"210","Cinnamomum rigidissimum","LeafPermiter.cm.",21,"chinaroots","alexander-keller",2022-08-10
"211","Cinnamomum rigidissimum","LeafWidth.cm.",21,"chinaroots","alexander-keller",2022-08-10
"212","Cinnamomum rigidissimum","LeafHeight.cm.",21,"chinaroots","alexander-keller",2022-08-10
"213","Cinnamomum rigidissimum","LeafCircularity",21,"chinaroots","alexander-keller",2022-08-10
"214","Cinnamomum rigidissimum","LeafAspectRatio",21,"chinaroots","alexander-keller",2022-08-10
"215","Cinnamomum rigidissimum","LeafRoundness",21,"chinaroots","alexander-keller",2022-08-10
"216","Cinnamomum rigidissimum","LeafMass.g.",21,"chinaroots","alexander-keller",2022-08-10
"217","Cinnamomum rigidissimum","SLA.m2.Kg.",21,"chinaroots","alexander-keller",2022-08-10
"218","Cinnamomum rigidissimum","LeafThickness.mm.",21,"chinaroots","alexander-keller",2022-08-10
"219","Lindera robusta","LeafArea.cm2.",21,"chinaroots","alexander-keller",2022-08-10
"220","Lindera robusta","LeafPermiter.cm.",21,"chinaroots","alexander-keller",2022-08-10
"221","Lindera robusta","LeafWidth.cm.",21,"chinaroots","alexander-keller",2022-08-10
"222","Lindera robusta","LeafHeight.cm.",21,"chinaroots","alexander-keller",2022-08-10
"223","Lindera robusta","LeafCircularity",21,"chinaroots","alexander-keller",2022-08-10
"224","Lindera robusta","LeafAspectRatio",21,"chinaroots","alexander-keller",2022-08-10
"225","Lindera robusta","LeafRoundness",21,"chinaroots","alexander-keller",2022-08-10
"226","Lindera robusta","LeafMass.g.",21,"chinaroots","alexander-keller",2022-08-10
"227","Lindera robusta","SLA.m2.Kg.",21,"chinaroots","alexander-keller",2022-08-10
"228","Lindera robusta","LeafThickness.mm.",21,"chinaroots","alexander-keller",2022-08-10
"229","Dasymaschalon rostratum","LeafArea.cm2.",21,"chinaroots","alexander-keller",2022-08-10
"230","Dasymaschalon rostratum","LeafPermiter.cm.",21,"chinaroots","alexander-keller",2022-08-10
"231","Dasymaschalon rostratum","LeafWidth.cm.",21,"chinaroots","alexander-keller",2022-08-10
"232","Dasymaschalon rostratum","LeafHeight.cm.",21,"chinaroots","alexander-keller",2022-08-10
"233","Dasymaschalon rostratum","LeafCircularity",21,"chinaroots","alexander-keller",2022-08-10
"234","Dasymaschalon rostratum","LeafAspectRatio",21,"chinaroots","alexander-keller",2022-08-10
"235","Dasymaschalon rostratum","LeafRoundness",21,"chinaroots","alexander-keller",2022-08-10
"236","Dasymaschalon rostratum","LeafMass.g.",21,"chinaroots","alexander-keller",2022-08-10
"237","Dasymaschalon rostratum","SLA.m2.Kg.",21,"chinaroots","alexander-keller",2022-08-10
"238","Dasymaschalon rostratum","LeafThickness.mm.",21,"chinaroots","alexander-keller",2022-08-10
"239","Castanopsis tonkinensis","LeafArea.cm2.",21,"chinaroots","alexander-keller",2022-08-10
"240","Castanopsis tonkinensis","LeafPermiter.cm.",21,"chinaroots","alexander-keller",2022-08-10
"241","Castanopsis tonkinensis","LeafWidth.cm.",21,"chinaroots","alexander-keller",2022-08-10
"242","Castanopsis tonkinensis","LeafHeight.cm.",21,"chinaroots","alexander-keller",2022-08-10
"243","Castanopsis tonkinensis","LeafCircularity",21,"chinaroots","alexander-keller",2022-08-10
"244","Castanopsis tonkinensis","LeafAspectRatio",21,"chinaroots","alexander-keller",2022-08-10
"245","Castanopsis tonkinensis","LeafRoundness",21,"chinaroots","alexander-keller",2022-08-10
"246","Castanopsis tonkinensis","LeafMass.g.",21,"chinaroots","alexander-keller",2022-08-10
"247","Castanopsis tonkinensis","SLA.m2.Kg.",21,"chinaroots","alexander-keller",2022-08-10
"248","Castanopsis tonkinensis","LeafThickness.mm.",21,"chinaroots","alexander-keller",2022-08-10
"249","Ficus vasculosa","LeafArea.cm2.",21,"chinaroots","alexander-keller",2022-08-10
"250","Ficus vasculosa","LeafPermiter.cm.",21,"chinaroots","alexander-keller",2022-08-10
"251","Ficus vasculosa","LeafWidth.cm.",21,"chinaroots","alexander-keller",2022-08-10
"252","Ficus vasculosa","LeafHeight.cm.",21,"chinaroots","alexander-keller",2022-08-10
"253","Ficus vasculosa","LeafCircularity",21,"chinaroots","alexander-keller",2022-08-10
"254","Ficus vasculosa","LeafAspectRatio",21,"chinaroots","alexander-keller",2022-08-10
"255","Ficus vasculosa","LeafRoundness",21,"chinaroots","alexander-keller",2022-08-10
"256","Ficus vasculosa","LeafMass.g.",21,"chinaroots","alexander-keller",2022-08-10
"257","Ficus vasculosa","SLA.m2.Kg.",21,"chinaroots","alexander-keller",2022-08-10
"258","Toxicodendron vernicifluum","LeafArea.cm2.",21,"chinaroots","alexander-keller",2022-08-10
"259","Toxicodendron vernicifluum","LeafPermiter.cm.",21,"chinaroots","alexander-keller",2022-08-10
"260","Toxicodendron vernicifluum","LeafWidth.cm.",21,"chinaroots","alexander-keller",2022-08-10
"261","Toxicodendron vernicifluum","LeafHeight.cm.",21,"chinaroots","alexander-keller",2022-08-10
"262","Toxicodendron vernicifluum","LeafCircularity",21,"chinaroots","alexander-keller",2022-08-10
"263","Toxicodendron vernicifluum","LeafAspectRatio",21,"chinaroots","alexander-keller",2022-08-10
"264","Toxicodendron vernicifluum","LeafRoundness",21,"chinaroots","alexander-keller",2022-08-10
"265","Toxicodendron vernicifluum","LeafMass.g.",21,"chinaroots","alexander-keller",2022-08-10
"266","Toxicodendron vernicifluum","SLA.m2.Kg.",21,"chinaroots","alexander-keller",2022-08-10
"267","Toxicodendron vernicifluum","LeafThickness.mm.",21,"chinaroots","alexander-keller",2022-08-10
"268","Litsea verticillata","LeafArea.cm2.",21,"chinaroots","alexander-keller",2022-08-10
"269","Litsea verticillata","LeafPermiter.cm.",21,"chinaroots","alexander-keller",2022-08-10
"270","Litsea verticillata","LeafWidth.cm.",21,"chinaroots","alexander-keller",2022-08-10
"271","Litsea verticillata","LeafHeight.cm.",21,"chinaroots","alexander-keller",2022-08-10
"272","Litsea verticillata","LeafCircularity",21,"chinaroots","alexander-keller",2022-08-10
"273","Litsea verticillata","LeafAspectRatio",21,"chinaroots","alexander-keller",2022-08-10
"274","Litsea verticillata","LeafRoundness",21,"chinaroots","alexander-keller",2022-08-10
"275","Litsea verticillata","LeafMass.g.",21,"chinaroots","alexander-keller",2022-08-10
"276","Litsea verticillata","SLA.m2.Kg.",21,"chinaroots","alexander-keller",2022-08-10
"277","Manglietia fordiana","LeafArea.cm2.",19,"chinaroots","alexander-keller",2022-08-10
"278","Manglietia fordiana","LeafPermiter.cm.",19,"chinaroots","alexander-keller",2022-08-10
"279","Manglietia fordiana","LeafWidth.cm.",19,"chinaroots","alexander-keller",2022-08-10
"280","Manglietia fordiana","LeafHeight.cm.",19,"chinaroots","alexander-keller",2022-08-10
"281","Manglietia fordiana","LeafCircularity",19,"chinaroots","alexander-keller",2022-08-10
"282","Manglietia fordiana","LeafAspectRatio",19,"chinaroots","alexander-keller",2022-08-10
"283","Manglietia fordiana","LeafRoundness",19,"chinaroots","alexander-keller",2022-08-10
"284","Manglietia fordiana","LeafMass.g.",19,"chinaroots","alexander-keller",2022-08-10
"285","Manglietia fordiana","SLA.m2.Kg.",19,"chinaroots","alexander-keller",2022-08-10
"286","Quercus asymetrica","LeafArea.cm2.",18,"chinaroots","alexander-keller",2022-08-10
"287","Quercus asymetrica","LeafPermiter.cm.",18,"chinaroots","alexander-keller",2022-08-10
"288","Quercus asymetrica","LeafWidth.cm.",18,"chinaroots","alexander-keller",2022-08-10
"289","Quercus asymetrica","LeafHeight.cm.",18,"chinaroots","alexander-keller",2022-08-10
"290","Quercus asymetrica","LeafCircularity",18,"chinaroots","alexander-keller",2022-08-10
"291","Quercus asymetrica","LeafAspectRatio",18,"chinaroots","alexander-keller",2022-08-10
"292","Quercus asymetrica","LeafRoundness",18,"chinaroots","alexander-keller",2022-08-10
"293","Quercus asymetrica","LeafMass.g.",18,"chinaroots","alexander-keller",2022-08-10
"294","Quercus asymetrica","SLA.m2.Kg.",18,"chinaroots","alexander-keller",2022-08-10
"295","Quercus asymetrica","LeafThickness.mm.",18,"chinaroots","alexander-keller",2022-08-10
"296","Zanthoxylum avicennae","LeafArea.cm2.",18,"chinaroots","alexander-keller",2022-08-10
"297","Zanthoxylum avicennae","LeafPermiter.cm.",18,"chinaroots","alexander-keller",2022-08-10
"298","Zanthoxylum avicennae","LeafWidth.cm.",18,"chinaroots","alexander-keller",2022-08-10
"299","Zanthoxylum avicennae","LeafHeight.cm.",18,"chinaroots","alexander-keller",2022-08-10
"300","Zanthoxylum avicennae","LeafCircularity",18,"chinaroots","alexander-keller",2022-08-10
"301","Zanthoxylum avicennae","LeafAspectRatio",18,"chinaroots","alexander-keller",2022-08-10
"302","Zanthoxylum avicennae","LeafRoundness",18,"chinaroots","alexander-keller",2022-08-10
"303","Zanthoxylum avicennae","LeafMass.g.",18,"chinaroots","alexander-keller",2022-08-10
"304","Zanthoxylum avicennae","SLA.m2.Kg.",18,"chinaroots","alexander-keller",2022-08-10
"305","Zanthoxylum avicennae","LeafThickness.mm.",18,"chinaroots","alexander-keller",2022-08-10
"306","Magnolia balansae","LeafArea.cm2.",18,"chinaroots","alexander-keller",2022-08-10
"307","Magnolia balansae","LeafPermiter.cm.",18,"chinaroots","alexander-keller",2022-08-10
"308","Magnolia balansae","LeafWidth.cm.",18,"chinaroots","alexander-keller",2022-08-10
"309","Magnolia balansae","LeafHeight.cm.",18,"chinaroots","alexander-keller",2022-08-10
"310","Magnolia balansae","LeafCircularity",18,"chinaroots","alexander-keller",2022-08-10
"311","Magnolia balansae","LeafAspectRatio",18,"chinaroots","alexander-keller",2022-08-10
"312","Magnolia balansae","LeafRoundness",18,"chinaroots","alexander-keller",2022-08-10
"313","Magnolia balansae","LeafMass.g.",18,"chinaroots","alexander-keller",2022-08-10
"314","Magnolia balansae","SLA.m2.Kg.",18,"chinaroots","alexander-keller",2022-08-10
"315","Magnolia balansae","LeafThickness.mm.",18,"chinaroots","alexander-keller",2022-08-10
"316","Quercus blakei","LeafArea.cm2.",18,"chinaroots","alexander-keller",2022-08-10
"317","Quercus blakei","LeafPermiter.cm.",18,"chinaroots","alexander-keller",2022-08-10
"318","Quercus blakei","LeafWidth.cm.",18,"chinaroots","alexander-keller",2022-08-10
"319","Quercus blakei","LeafHeight.cm.",18,"chinaroots","alexander-keller",2022-08-10
"320","Quercus blakei","LeafCircularity",18,"chinaroots","alexander-keller",2022-08-10
"321","Quercus blakei","LeafAspectRatio",18,"chinaroots","alexander-keller",2022-08-10
"322","Quercus blakei","LeafRoundness",18,"chinaroots","alexander-keller",2022-08-10
"323","Quercus blakei","LeafMass.g.",18,"chinaroots","alexander-keller",2022-08-10
"324","Quercus blakei","SLA.m2.Kg.",18,"chinaroots","alexander-keller",2022-08-10
"325","Quercus blakei","LeafThickness.mm.",18,"chinaroots","alexander-keller",2022-08-10
"326","Cinnamomum burmannii","LeafArea.cm2.",18,"chinaroots","alexander-keller",2022-08-10
"327","Cinnamomum burmannii","LeafPermiter.cm.",18,"chinaroots","alexander-keller",2022-08-10
"328","Cinnamomum burmannii","LeafWidth.cm.",18,"chinaroots","alexander-keller",2022-08-10
"329","Cinnamomum burmannii","LeafHeight.cm.",18,"chinaroots","alexander-keller",2022-08-10
"330","Cinnamomum burmannii","LeafCircularity",18,"chinaroots","alexander-keller",2022-08-10
"331","Cinnamomum burmannii","LeafAspectRatio",18,"chinaroots","alexander-keller",2022-08-10
"332","Cinnamomum burmannii","LeafRoundness",18,"chinaroots","alexander-keller",2022-08-10
"333","Cinnamomum burmannii","LeafMass.g.",18,"chinaroots","alexander-keller",2022-08-10
"334","Cinnamomum burmannii","SLA.m2.Kg.",18,"chinaroots","alexander-keller",2022-08-10
"335","Cinnamomum burmannii","LeafThickness.mm.",18,"chinaroots","alexander-keller",2022-08-10
"336","Magnolia championii","LeafArea.cm2.",18,"chinaroots","alexander-keller",2022-08-10
"337","Magnolia championii","LeafPermiter.cm.",18,"chinaroots","alexander-keller",2022-08-10
"338","Magnolia championii","LeafWidth.cm.",18,"chinaroots","alexander-keller",2022-08-10
"339","Magnolia championii","LeafHeight.cm.",18,"chinaroots","alexander-keller",2022-08-10
"340","Magnolia championii","LeafCircularity",18,"chinaroots","alexander-keller",2022-08-10
"341","Magnolia championii","LeafAspectRatio",18,"chinaroots","alexander-keller",2022-08-10
"342","Magnolia championii","LeafRoundness",18,"chinaroots","alexander-keller",2022-08-10
"343","Magnolia championii","LeafMass.g.",18,"chinaroots","alexander-keller",2022-08-10
"344","Magnolia championii","SLA.m2.Kg.",18,"chinaroots","alexander-keller",2022-08-10
"345","Magnolia championii","LeafThickness.mm.",18,"chinaroots","alexander-keller",2022-08-10
"346","Machilus chinensis","LeafThickness.mm.",18,"chinaroots","alexander-keller",2022-08-10
"347","Melicope chunii","LeafArea.cm2.",18,"chinaroots","alexander-keller",2022-08-10
"348","Melicope chunii","LeafPermiter.cm.",18,"chinaroots","alexander-keller",2022-08-10
"349","Melicope chunii","LeafWidth.cm.",18,"chinaroots","alexander-keller",2022-08-10
"350","Melicope chunii","LeafHeight.cm.",18,"chinaroots","alexander-keller",2022-08-10
"351","Melicope chunii","LeafCircularity",18,"chinaroots","alexander-keller",2022-08-10
"352","Melicope chunii","LeafAspectRatio",18,"chinaroots","alexander-keller",2022-08-10
"353","Melicope chunii","LeafRoundness",18,"chinaroots","alexander-keller",2022-08-10
"354","Melicope chunii","LeafMass.g.",18,"chinaroots","alexander-keller",2022-08-10
"355","Melicope chunii","SLA.m2.Kg.",18,"chinaroots","alexander-keller",2022-08-10
"356","Melicope chunii","LeafThickness.mm.",18,"chinaroots","alexander-keller",2022-08-10
"357","Quercus edithiae","LeafArea.cm2.",18,"chinaroots","alexander-keller",2022-08-10
"358","Quercus edithiae","LeafPermiter.cm.",18,"chinaroots","alexander-keller",2022-08-10
"359","Quercus edithiae","LeafWidth.cm.",18,"chinaroots","alexander-keller",2022-08-10
"360","Quercus edithiae","LeafHeight.cm.",18,"chinaroots","alexander-keller",2022-08-10
"361","Quercus edithiae","LeafCircularity",18,"chinaroots","alexander-keller",2022-08-10
"362","Quercus edithiae","LeafAspectRatio",18,"chinaroots","alexander-keller",2022-08-10
"363","Quercus edithiae","LeafRoundness",18,"chinaroots","alexander-keller",2022-08-10
"364","Quercus edithiae","LeafMass.g.",18,"chinaroots","alexander-keller",2022-08-10
"365","Quercus edithiae","SLA.m2.Kg.",18,"chinaroots","alexander-keller",2022-08-10
"366","Quercus edithiae","LeafThickness.mm.",18,"chinaroots","alexander-keller",2022-08-10
"367","Neolitsea ellipsoidea","LeafArea.cm2.",18,"chinaroots","alexander-keller",2022-08-10
"368","Neolitsea ellipsoidea","LeafPermiter.cm.",18,"chinaroots","alexander-keller",2022-08-10
"369","Neolitsea ellipsoidea","LeafWidth.cm.",18,"chinaroots","alexander-keller",2022-08-10
"370","Neolitsea ellipsoidea","LeafHeight.cm.",18,"chinaroots","alexander-keller",2022-08-10
"371","Neolitsea ellipsoidea","LeafCircularity",18,"chinaroots","alexander-keller",2022-08-10
"372","Neolitsea ellipsoidea","LeafAspectRatio",18,"chinaroots","alexander-keller",2022-08-10
"373","Neolitsea ellipsoidea","LeafRoundness",18,"chinaroots","alexander-keller",2022-08-10
"374","Neolitsea ellipsoidea","LeafMass.g.",18,"chinaroots","alexander-keller",2022-08-10
"375","Neolitsea ellipsoidea","SLA.m2.Kg.",18,"chinaroots","alexander-keller",2022-08-10
"376","Neolitsea ellipsoidea","LeafThickness.mm.",18,"chinaroots","alexander-keller",2022-08-10
"377","Lithocarpus fenzelianus","LeafArea.cm2.",18,"chinaroots","alexander-keller",2022-08-10
"378","Lithocarpus fenzelianus","LeafPermiter.cm.",18,"chinaroots","alexander-keller",2022-08-10
"379","Lithocarpus fenzelianus","LeafWidth.cm.",18,"chinaroots","alexander-keller",2022-08-10
"380","Lithocarpus fenzelianus","LeafHeight.cm.",18,"chinaroots","alexander-keller",2022-08-10
"381","Lithocarpus fenzelianus","LeafCircularity",18,"chinaroots","alexander-keller",2022-08-10
"382","Lithocarpus fenzelianus","LeafAspectRatio",18,"chinaroots","alexander-keller",2022-08-10
"383","Lithocarpus fenzelianus","LeafRoundness",18,"chinaroots","alexander-keller",2022-08-10
"384","Lithocarpus fenzelianus","LeafMass.g.",18,"chinaroots","alexander-keller",2022-08-10
"385","Lithocarpus fenzelianus","SLA.m2.Kg.",18,"chinaroots","alexander-keller",2022-08-10
"386","Lithocarpus fenzelianus","LeafThickness.mm.",18,"chinaroots","alexander-keller",2022-08-10
"387","Castanopsis fissa","LeafArea.cm2.",18,"chinaroots","alexander-keller",2022-08-10
"388","Castanopsis fissa","LeafPermiter.cm.",18,"chinaroots","alexander-keller",2022-08-10
"389","Castanopsis fissa","LeafWidth.cm.",18,"chinaroots","alexander-keller",2022-08-10
"390","Castanopsis fissa","LeafHeight.cm.",18,"chinaroots","alexander-keller",2022-08-10
"391","Castanopsis fissa","LeafCircularity",18,"chinaroots","alexander-keller",2022-08-10
"392","Castanopsis fissa","LeafAspectRatio",18,"chinaroots","alexander-keller",2022-08-10
"393","Castanopsis fissa","LeafRoundness",18,"chinaroots","alexander-keller",2022-08-10
"394","Castanopsis fissa","LeafMass.g.",18,"chinaroots","alexander-keller",2022-08-10
"395","Castanopsis fissa","SLA.m2.Kg.",18,"chinaroots","alexander-keller",2022-08-10
"396","Castanopsis fissa","LeafThickness.mm.",18,"chinaroots","alexander-keller",2022-08-10
"397","Manglietia fordiana","LeafThickness.mm.",18,"chinaroots","alexander-keller",2022-08-10
"398","Ficus formosana","LeafArea.cm2.",18,"chinaroots","alexander-keller",2022-08-10
"399","Ficus formosana","LeafPermiter.cm.",18,"chinaroots","alexander-keller",2022-08-10
"400","Ficus formosana","LeafWidth.cm.",18,"chinaroots","alexander-keller",2022-08-10
"401","Ficus formosana","LeafHeight.cm.",18,"chinaroots","alexander-keller",2022-08-10
"402","Ficus formosana","LeafCircularity",18,"chinaroots","alexander-keller",2022-08-10
"403","Ficus formosana","LeafAspectRatio",18,"chinaroots","alexander-keller",2022-08-10
"404","Ficus formosana","LeafRoundness",18,"chinaroots","alexander-keller",2022-08-10
"405","Ficus formosana","LeafMass.g.",18,"chinaroots","alexander-keller",2022-08-10
"406","Ficus formosana","SLA.m2.Kg.",18,"chinaroots","alexander-keller",2022-08-10
"407","Ficus formosana","LeafThickness.mm.",18,"chinaroots","alexander-keller",2022-08-10
"408","Alseodaphne hainanensis","LeafArea.cm2.",18,"chinaroots","alexander-keller",2022-08-10
"409","Alseodaphne hainanensis","LeafPermiter.cm.",18,"chinaroots","alexander-keller",2022-08-10
"410","Alseodaphne hainanensis","LeafWidth.cm.",18,"chinaroots","alexander-keller",2022-08-10
"411","Alseodaphne hainanensis","LeafHeight.cm.",18,"chinaroots","alexander-keller",2022-08-10
"412","Alseodaphne hainanensis","LeafCircularity",18,"chinaroots","alexander-keller",2022-08-10
"413","Alseodaphne hainanensis","LeafAspectRatio",18,"chinaroots","alexander-keller",2022-08-10
"414","Alseodaphne hainanensis","LeafRoundness",18,"chinaroots","alexander-keller",2022-08-10
"415","Alseodaphne hainanensis","LeafMass.g.",18,"chinaroots","alexander-keller",2022-08-10
"416","Alseodaphne hainanensis","SLA.m2.Kg.",18,"chinaroots","alexander-keller",2022-08-10
"417","Polyspora hainanensis","LeafArea.cm2.",18,"chinaroots","alexander-keller",2022-08-10
"418","Polyspora hainanensis","LeafPermiter.cm.",18,"chinaroots","alexander-keller",2022-08-10
"419","Polyspora hainanensis","LeafWidth.cm.",18,"chinaroots","alexander-keller",2022-08-10
"420","Polyspora hainanensis","LeafHeight.cm.",18,"chinaroots","alexander-keller",2022-08-10
"421","Polyspora hainanensis","LeafCircularity",18,"chinaroots","alexander-keller",2022-08-10
"422","Polyspora hainanensis","LeafAspectRatio",18,"chinaroots","alexander-keller",2022-08-10
"423","Polyspora hainanensis","LeafRoundness",18,"chinaroots","alexander-keller",2022-08-10
"424","Polyspora hainanensis","LeafMass.g.",18,"chinaroots","alexander-keller",2022-08-10
"425","Polyspora hainanensis","SLA.m2.Kg.",18,"chinaroots","alexander-keller",2022-08-10
"426","Polyspora hainanensis","LeafThickness.mm.",18,"chinaroots","alexander-keller",2022-08-10
"427","Ficus hirta","LeafArea.cm2.",18,"chinaroots","alexander-keller",2022-08-10
"428","Ficus hirta","LeafPermiter.cm.",18,"chinaroots","alexander-keller",2022-08-10
"429","Ficus hirta","LeafWidth.cm.",18,"chinaroots","alexander-keller",2022-08-10
"430","Ficus hirta","LeafHeight.cm.",18,"chinaroots","alexander-keller",2022-08-10
"431","Ficus hirta","LeafCircularity",18,"chinaroots","alexander-keller",2022-08-10
"432","Ficus hirta","LeafAspectRatio",18,"chinaroots","alexander-keller",2022-08-10
"433","Ficus hirta","LeafRoundness",18,"chinaroots","alexander-keller",2022-08-10
"434","Ficus hirta","LeafMass.g.",18,"chinaroots","alexander-keller",2022-08-10
"435","Ficus hirta","SLA.m2.Kg.",18,"chinaroots","alexander-keller",2022-08-10
"436","Ficus hirta","LeafThickness.mm.",18,"chinaroots","alexander-keller",2022-08-10
"437","Pyrenaria jonquieriana","LeafArea.cm2.",18,"chinaroots","alexander-keller",2022-08-10
"438","Pyrenaria jonquieriana","LeafPermiter.cm.",18,"chinaroots","alexander-keller",2022-08-10
"439","Pyrenaria jonquieriana","LeafWidth.cm.",18,"chinaroots","alexander-keller",2022-08-10
"440","Pyrenaria jonquieriana","LeafHeight.cm.",18,"chinaroots","alexander-keller",2022-08-10
"441","Pyrenaria jonquieriana","LeafCircularity",18,"chinaroots","alexander-keller",2022-08-10
"442","Pyrenaria jonquieriana","LeafAspectRatio",18,"chinaroots","alexander-keller",2022-08-10
"443","Pyrenaria jonquieriana","LeafRoundness",18,"chinaroots","alexander-keller",2022-08-10
"444","Pyrenaria jonquieriana","LeafMass.g.",18,"chinaroots","alexander-keller",2022-08-10
"445","Pyrenaria jonquieriana","SLA.m2.Kg.",18,"chinaroots","alexander-keller",2022-08-10
"446","Pyrenaria jonquieriana","LeafThickness.mm.",18,"chinaroots","alexander-keller",2022-08-10
"447","Lindera kwangtungensis","LeafArea.cm2.",18,"chinaroots","alexander-keller",2022-08-10
"448","Lindera kwangtungensis","LeafPermiter.cm.",18,"chinaroots","alexander-keller",2022-08-10
"449","Lindera kwangtungensis","LeafWidth.cm.",18,"chinaroots","alexander-keller",2022-08-10
"450","Lindera kwangtungensis","LeafHeight.cm.",18,"chinaroots","alexander-keller",2022-08-10
"451","Lindera kwangtungensis","LeafCircularity",18,"chinaroots","alexander-keller",2022-08-10
"452","Lindera kwangtungensis","LeafAspectRatio",18,"chinaroots","alexander-keller",2022-08-10
"453","Lindera kwangtungensis","LeafRoundness",18,"chinaroots","alexander-keller",2022-08-10
"454","Lindera kwangtungensis","LeafMass.g.",18,"chinaroots","alexander-keller",2022-08-10
"455","Lindera kwangtungensis","SLA.m2.Kg.",18,"chinaroots","alexander-keller",2022-08-10
"456","Lindera kwangtungensis","LeafThickness.mm.",18,"chinaroots","alexander-keller",2022-08-10
"457","Beilschmiedia laevis","LeafArea.cm2.",18,"chinaroots","alexander-keller",2022-08-10
"458","Beilschmiedia laevis","LeafPermiter.cm.",18,"chinaroots","alexander-keller",2022-08-10
"459","Beilschmiedia laevis","LeafWidth.cm.",18,"chinaroots","alexander-keller",2022-08-10
"460","Beilschmiedia laevis","LeafHeight.cm.",18,"chinaroots","alexander-keller",2022-08-10
"461","Beilschmiedia laevis","LeafCircularity",18,"chinaroots","alexander-keller",2022-08-10
"462","Beilschmiedia laevis","LeafAspectRatio",18,"chinaroots","alexander-keller",2022-08-10
"463","Beilschmiedia laevis","LeafRoundness",18,"chinaroots","alexander-keller",2022-08-10
"464","Beilschmiedia laevis","LeafMass.g.",18,"chinaroots","alexander-keller",2022-08-10
"465","Beilschmiedia laevis","SLA.m2.Kg.",18,"chinaroots","alexander-keller",2022-08-10
"466","Beilschmiedia laevis","LeafThickness.mm.",18,"chinaroots","alexander-keller",2022-08-10
"467","Sarcosperma laurinum","LeafArea.cm2.",18,"chinaroots","alexander-keller",2022-08-10
"468","Sarcosperma laurinum","LeafPermiter.cm.",18,"chinaroots","alexander-keller",2022-08-10
"469","Sarcosperma laurinum","LeafWidth.cm.",18,"chinaroots","alexander-keller",2022-08-10
"470","Sarcosperma laurinum","LeafHeight.cm.",18,"chinaroots","alexander-keller",2022-08-10
"471","Sarcosperma laurinum","LeafCircularity",18,"chinaroots","alexander-keller",2022-08-10
"472","Sarcosperma laurinum","LeafAspectRatio",18,"chinaroots","alexander-keller",2022-08-10
"473","Sarcosperma laurinum","LeafRoundness",18,"chinaroots","alexander-keller",2022-08-10
"474","Sarcosperma laurinum","LeafMass.g.",18,"chinaroots","alexander-keller",2022-08-10
"475","Sarcosperma laurinum","SLA.m2.Kg.",18,"chinaroots","alexander-keller",2022-08-10
"476","Sarcosperma laurinum","LeafThickness.mm.",18,"chinaroots","alexander-keller",2022-08-10
"477","Lithocarpus longipedicellatus","LeafArea.cm2.",18,"chinaroots","alexander-keller",2022-08-10
"478","Lithocarpus longipedicellatus","LeafPermiter.cm.",18,"chinaroots","alexander-keller",2022-08-10
"479","Lithocarpus longipedicellatus","LeafWidth.cm.",18,"chinaroots","alexander-keller",2022-08-10
"480","Lithocarpus longipedicellatus","LeafHeight.cm.",18,"chinaroots","alexander-keller",2022-08-10
"481","Lithocarpus longipedicellatus","LeafCircularity",18,"chinaroots","alexander-keller",2022-08-10
"482","Lithocarpus longipedicellatus","LeafAspectRatio",18,"chinaroots","alexander-keller",2022-08-10
"483","Lithocarpus longipedicellatus","LeafRoundness",18,"chinaroots","alexander-keller",2022-08-10
"484","Lithocarpus longipedicellatus","LeafMass.g.",18,"chinaroots","alexander-keller",2022-08-10
"485","Lithocarpus longipedicellatus","SLA.m2.Kg.",18,"chinaroots","alexander-keller",2022-08-10
"486","Quercus macrocalyx","LeafArea.cm2.",18,"chinaroots","alexander-keller",2022-08-10
"487","Quercus macrocalyx","LeafPermiter.cm.",18,"chinaroots","alexander-keller",2022-08-10
"488","Quercus macrocalyx","LeafWidth.cm.",18,"chinaroots","alexander-keller",2022-08-10
"489","Quercus macrocalyx","LeafHeight.cm.",18,"chinaroots","alexander-keller",2022-08-10
"490","Quercus macrocalyx","LeafCircularity",18,"chinaroots","alexander-keller",2022-08-10
"491","Quercus macrocalyx","LeafAspectRatio",18,"chinaroots","alexander-keller",2022-08-10
"492","Quercus macrocalyx","LeafRoundness",18,"chinaroots","alexander-keller",2022-08-10
"493","Quercus macrocalyx","LeafMass.g.",18,"chinaroots","alexander-keller",2022-08-10
"494","Quercus macrocalyx","SLA.m2.Kg.",18,"chinaroots","alexander-keller",2022-08-10
"495","Quercus macrocalyx","LeafThickness.mm.",18,"chinaroots","alexander-keller",2022-08-10
"496","Machilus monticola","LeafArea.cm2.",18,"chinaroots","alexander-keller",2022-08-10
"497","Machilus monticola","LeafPermiter.cm.",18,"chinaroots","alexander-keller",2022-08-10
"498","Machilus monticola","LeafWidth.cm.",18,"chinaroots","alexander-keller",2022-08-10
"499","Machilus monticola","LeafHeight.cm.",18,"chinaroots","alexander-keller",2022-08-10
"500","Machilus monticola","LeafCircularity",18,"chinaroots","alexander-keller",2022-08-10
"501","Machilus monticola","LeafAspectRatio",18,"chinaroots","alexander-keller",2022-08-10
"502","Machilus monticola","LeafRoundness",18,"chinaroots","alexander-keller",2022-08-10
"503","Machilus monticola","LeafMass.g.",18,"chinaroots","alexander-keller",2022-08-10
"504","Machilus monticola","SLA.m2.Kg.",18,"chinaroots","alexander-keller",2022-08-10
"505","Machilus monticola","LeafThickness.mm.",18,"chinaroots","alexander-keller",2022-08-10
"506","Quercus myrsinifolia","LeafArea.cm2.",18,"chinaroots","alexander-keller",2022-08-10
"507","Quercus myrsinifolia","LeafPermiter.cm.",18,"chinaroots","alexander-keller",2022-08-10
"508","Quercus myrsinifolia","LeafWidth.cm.",18,"chinaroots","alexander-keller",2022-08-10
"509","Quercus myrsinifolia","LeafHeight.cm.",18,"chinaroots","alexander-keller",2022-08-10
"510","Quercus myrsinifolia","LeafCircularity",18,"chinaroots","alexander-keller",2022-08-10
"511","Quercus myrsinifolia","LeafAspectRatio",18,"chinaroots","alexander-keller",2022-08-10
"512","Quercus myrsinifolia","LeafRoundness",18,"chinaroots","alexander-keller",2022-08-10
"513","Quercus myrsinifolia","LeafMass.g.",18,"chinaroots","alexander-keller",2022-08-10
"514","Quercus myrsinifolia","SLA.m2.Kg.",18,"chinaroots","alexander-keller",2022-08-10
"515","Quercus myrsinifolia","LeafThickness.mm.",18,"chinaroots","alexander-keller",2022-08-10
"516","Neolitsea oblongifolia","LeafArea.cm2.",18,"chinaroots","alexander-keller",2022-08-10
"517","Neolitsea oblongifolia","LeafPermiter.cm.",18,"chinaroots","alexander-keller",2022-08-10
"518","Neolitsea oblongifolia","LeafWidth.cm.",18,"chinaroots","alexander-keller",2022-08-10
"519","Neolitsea oblongifolia","LeafHeight.cm.",18,"chinaroots","alexander-keller",2022-08-10
"520","Neolitsea oblongifolia","LeafCircularity",18,"chinaroots","alexander-keller",2022-08-10
"521","Neolitsea oblongifolia","LeafAspectRatio",18,"chinaroots","alexander-keller",2022-08-10
"522","Neolitsea oblongifolia","LeafRoundness",18,"chinaroots","alexander-keller",2022-08-10
"523","Neolitsea oblongifolia","LeafMass.g.",18,"chinaroots","alexander-keller",2022-08-10
"524","Neolitsea oblongifolia","SLA.m2.Kg.",18,"chinaroots","alexander-keller",2022-08-10
"525","Neolitsea oblongifolia","LeafThickness.mm.",18,"chinaroots","alexander-keller",2022-08-10
"526","Neolitsea pulchella","LeafArea.cm2.",18,"chinaroots","alexander-keller",2022-08-10
"527","Neolitsea pulchella","LeafPermiter.cm.",18,"chinaroots","alexander-keller",2022-08-10
"528","Neolitsea pulchella","LeafWidth.cm.",18,"chinaroots","alexander-keller",2022-08-10
"529","Neolitsea pulchella","LeafHeight.cm.",18,"chinaroots","alexander-keller",2022-08-10
"530","Neolitsea pulchella","LeafCircularity",18,"chinaroots","alexander-keller",2022-08-10
"531","Neolitsea pulchella","LeafAspectRatio",18,"chinaroots","alexander-keller",2022-08-10
"532","Neolitsea pulchella","LeafRoundness",18,"chinaroots","alexander-keller",2022-08-10
"533","Neolitsea pulchella","LeafMass.g.",18,"chinaroots","alexander-keller",2022-08-10
"534","Neolitsea pulchella","SLA.m2.Kg.",18,"chinaroots","alexander-keller",2022-08-10
"535","Neolitsea pulchella","LeafThickness.mm.",18,"chinaroots","alexander-keller",2022-08-10
"536","Engelhardia roxburghiana","LeafThickness.mm.",18,"chinaroots","alexander-keller",2022-08-10
"537","Artocarpus styracifolius","LeafArea.cm2.",18,"chinaroots","alexander-keller",2022-08-10
"538","Artocarpus styracifolius","LeafPermiter.cm.",18,"chinaroots","alexander-keller",2022-08-10
"539","Artocarpus styracifolius","LeafWidth.cm.",18,"chinaroots","alexander-keller",2022-08-10
"540","Artocarpus styracifolius","LeafHeight.cm.",18,"chinaroots","alexander-keller",2022-08-10
"541","Artocarpus styracifolius","LeafCircularity",18,"chinaroots","alexander-keller",2022-08-10
"542","Artocarpus styracifolius","LeafAspectRatio",18,"chinaroots","alexander-keller",2022-08-10
"543","Artocarpus styracifolius","LeafRoundness",18,"chinaroots","alexander-keller",2022-08-10
"544","Artocarpus styracifolius","LeafMass.g.",18,"chinaroots","alexander-keller",2022-08-10
"545","Artocarpus styracifolius","SLA.m2.Kg.",18,"chinaroots","alexander-keller",2022-08-10
"546","Artocarpus styracifolius","LeafThickness.mm.",18,"chinaroots","alexander-keller",2022-08-10
"547","Litsea variabilis","LeafArea.cm2.",18,"chinaroots","alexander-keller",2022-08-10
"548","Litsea variabilis","LeafPermiter.cm.",18,"chinaroots","alexander-keller",2022-08-10
"549","Litsea variabilis","LeafWidth.cm.",18,"chinaroots","alexander-keller",2022-08-10
"550","Litsea variabilis","LeafHeight.cm.",18,"chinaroots","alexander-keller",2022-08-10
"551","Litsea variabilis","LeafCircularity",18,"chinaroots","alexander-keller",2022-08-10
"552","Litsea variabilis","LeafAspectRatio",18,"chinaroots","alexander-keller",2022-08-10
"553","Litsea variabilis","LeafRoundness",18,"chinaroots","alexander-keller",2022-08-10
"554","Litsea variabilis","LeafMass.g.",18,"chinaroots","alexander-keller",2022-08-10
"555","Litsea variabilis","SLA.m2.Kg.",18,"chinaroots","alexander-keller",2022-08-10
"556","Quercus auricoma","LeafArea.cm2.",15,"chinaroots","alexander-keller",2022-08-10
"557","Quercus auricoma","LeafPermiter.cm.",15,"chinaroots","alexander-keller",2022-08-10
"558","Quercus auricoma","LeafWidth.cm.",15,"chinaroots","alexander-keller",2022-08-10
"559","Quercus auricoma","LeafHeight.cm.",15,"chinaroots","alexander-keller",2022-08-10
"560","Quercus auricoma","LeafCircularity",15,"chinaroots","alexander-keller",2022-08-10
"561","Quercus auricoma","LeafAspectRatio",15,"chinaroots","alexander-keller",2022-08-10
"562","Quercus auricoma","LeafRoundness",15,"chinaroots","alexander-keller",2022-08-10
"563","Quercus auricoma","LeafMass.g.",15,"chinaroots","alexander-keller",2022-08-10
"564","Quercus auricoma","SLA.m2.Kg.",15,"chinaroots","alexander-keller",2022-08-10
"565","Quercus auricoma","LeafThickness.mm.",15,"chinaroots","alexander-keller",2022-08-10
"566","Lithocarpus fenestratus","LeafArea.cm2.",15,"chinaroots","alexander-keller",2022-08-10
"567","Lithocarpus fenestratus","LeafPermiter.cm.",15,"chinaroots","alexander-keller",2022-08-10
"568","Lithocarpus fenestratus","LeafWidth.cm.",15,"chinaroots","alexander-keller",2022-08-10
"569","Lithocarpus fenestratus","LeafHeight.cm.",15,"chinaroots","alexander-keller",2022-08-10
"570","Lithocarpus fenestratus","LeafCircularity",15,"chinaroots","alexander-keller",2022-08-10
"571","Lithocarpus fenestratus","LeafAspectRatio",15,"chinaroots","alexander-keller",2022-08-10
"572","Lithocarpus fenestratus","LeafRoundness",15,"chinaroots","alexander-keller",2022-08-10
"573","Lithocarpus fenestratus","LeafMass.g.",15,"chinaroots","alexander-keller",2022-08-10
"574","Lithocarpus fenestratus","SLA.m2.Kg.",15,"chinaroots","alexander-keller",2022-08-10
"575","Lithocarpus fenestratus","LeafThickness.mm.",15,"chinaroots","alexander-keller",2022-08-10
"576","Alseodaphne hainanensis","LeafThickness.mm.",15,"chinaroots","alexander-keller",2022-08-10
"577","Litsea variabilis","LeafThickness.mm.",15,"chinaroots","alexander-keller",2022-08-10
"578","Canarium pimela","LeafArea.cm2.",14,"chinaroots","alexander-keller",2022-08-10
"579","Canarium pimela","LeafPermiter.cm.",14,"chinaroots","alexander-keller",2022-08-10
"580","Canarium pimela","LeafWidth.cm.",14,"chinaroots","alexander-keller",2022-08-10
"581","Canarium pimela","LeafHeight.cm.",14,"chinaroots","alexander-keller",2022-08-10
"582","Canarium pimela","LeafCircularity",14,"chinaroots","alexander-keller",2022-08-10
"583","Canarium pimela","LeafAspectRatio",14,"chinaroots","alexander-keller",2022-08-10
"584","Canarium pimela","LeafRoundness",14,"chinaroots","alexander-keller",2022-08-10
"585","Canarium pimela","LeafMass.g.",14,"chinaroots","alexander-keller",2022-08-10
"586","Canarium pimela","SLA.m2.Kg.",14,"chinaroots","alexander-keller",2022-08-10
"587","Alniphyllum fortunei","LeafArea.cm2.",12,"chinaroots","alexander-keller",2022-08-10
"588","Alniphyllum fortunei","LeafPermiter.cm.",12,"chinaroots","alexander-keller",2022-08-10
"589","Alniphyllum fortunei","LeafWidth.cm.",12,"chinaroots","alexander-keller",2022-08-10
"590","Alniphyllum fortunei","LeafHeight.cm.",12,"chinaroots","alexander-keller",2022-08-10
"591","Alniphyllum fortunei","LeafCircularity",12,"chinaroots","alexander-keller",2022-08-10
"592","Alniphyllum fortunei","LeafAspectRatio",12,"chinaroots","alexander-keller",2022-08-10
"593","Alniphyllum fortunei","LeafRoundness",12,"chinaroots","alexander-keller",2022-08-10
"594","Alniphyllum fortunei","LeafMass.g.",12,"chinaroots","alexander-keller",2022-08-10
"595","Alniphyllum fortunei","SLA.m2.Kg.",12,"chinaroots","alexander-keller",2022-08-10
"596","Alniphyllum fortunei","LeafThickness.mm.",12,"chinaroots","alexander-keller",2022-08-10
"597","Phoebe hungmoensis","LeafArea.cm2.",12,"chinaroots","alexander-keller",2022-08-10
"598","Phoebe hungmoensis","LeafPermiter.cm.",12,"chinaroots","alexander-keller",2022-08-10
"599","Phoebe hungmoensis","LeafWidth.cm.",12,"chinaroots","alexander-keller",2022-08-10
"600","Phoebe hungmoensis","LeafHeight.cm.",12,"chinaroots","alexander-keller",2022-08-10
"601","Phoebe hungmoensis","LeafCircularity",12,"chinaroots","alexander-keller",2022-08-10
"602","Phoebe hungmoensis","LeafAspectRatio",12,"chinaroots","alexander-keller",2022-08-10
"603","Phoebe hungmoensis","LeafRoundness",12,"chinaroots","alexander-keller",2022-08-10
"604","Phoebe hungmoensis","LeafMass.g.",12,"chinaroots","alexander-keller",2022-08-10
"605","Phoebe hungmoensis","SLA.m2.Kg.",12,"chinaroots","alexander-keller",2022-08-10
"606","Phoebe hungmoensis","LeafThickness.mm.",12,"chinaroots","alexander-keller",2022-08-10
"607","Lithocarpus longipedicellatus","LeafThickness.mm.",12,"chinaroots","alexander-keller",2022-08-10
"608","Ficus vasculosa","LeafThickness.mm.",12,"chinaroots","alexander-keller",2022-08-10
"609","Litsea verticillata","LeafThickness.mm.",12,"chinaroots","alexander-keller",2022-08-10
"610","Tetradium glabrifolium","LeafArea.cm2.",9,"chinaroots","alexander-keller",2022-08-10
"611","Tetradium glabrifolium","LeafPermiter.cm.",9,"chinaroots","alexander-keller",2022-08-10
"612","Tetradium glabrifolium","LeafWidth.cm.",9,"chinaroots","alexander-keller",2022-08-10
"613","Tetradium glabrifolium","LeafHeight.cm.",9,"chinaroots","alexander-keller",2022-08-10
"614","Tetradium glabrifolium","LeafCircularity",9,"chinaroots","alexander-keller",2022-08-10
"615","Tetradium glabrifolium","LeafAspectRatio",9,"chinaroots","alexander-keller",2022-08-10
"616","Tetradium glabrifolium","LeafRoundness",9,"chinaroots","alexander-keller",2022-08-10
"617","Tetradium glabrifolium","LeafMass.g.",9,"chinaroots","alexander-keller",2022-08-10
"618","Tetradium glabrifolium","SLA.m2.Kg.",9,"chinaroots","alexander-keller",2022-08-10
"619","Tetradium glabrifolium","LeafThickness.mm.",9,"chinaroots","alexander-keller",2022-08-10
"620","Streblus indicus","LeafArea.cm2.",9,"chinaroots","alexander-keller",2022-08-10
"621","Streblus indicus","LeafPermiter.cm.",9,"chinaroots","alexander-keller",2022-08-10
"622","Streblus indicus","LeafWidth.cm.",9,"chinaroots","alexander-keller",2022-08-10
"623","Streblus indicus","LeafHeight.cm.",9,"chinaroots","alexander-keller",2022-08-10
"624","Streblus indicus","LeafCircularity",9,"chinaroots","alexander-keller",2022-08-10
"625","Streblus indicus","LeafAspectRatio",9,"chinaroots","alexander-keller",2022-08-10
"626","Streblus indicus","LeafRoundness",9,"chinaroots","alexander-keller",2022-08-10
"627","Streblus indicus","LeafMass.g.",9,"chinaroots","alexander-keller",2022-08-10
"628","Streblus indicus","SLA.m2.Kg.",9,"chinaroots","alexander-keller",2022-08-10
"629","Streblus indicus","LeafThickness.mm.",9,"chinaroots","alexander-keller",2022-08-10
"630","Lindera nacusua","LeafArea.cm2.",9,"chinaroots","alexander-keller",2022-08-10
"631","Lindera nacusua","LeafPermiter.cm.",9,"chinaroots","alexander-keller",2022-08-10
"632","Lindera nacusua","LeafWidth.cm.",9,"chinaroots","alexander-keller",2022-08-10
"633","Lindera nacusua","LeafHeight.cm.",9,"chinaroots","alexander-keller",2022-08-10
"634","Lindera nacusua","LeafCircularity",9,"chinaroots","alexander-keller",2022-08-10
"635","Lindera nacusua","LeafAspectRatio",9,"chinaroots","alexander-keller",2022-08-10
"636","Lindera nacusua","LeafRoundness",9,"chinaroots","alexander-keller",2022-08-10
"637","Lindera nacusua","LeafMass.g.",9,"chinaroots","alexander-keller",2022-08-10
"638","Lindera nacusua","SLA.m2.Kg.",9,"chinaroots","alexander-keller",2022-08-10
"639","Engelhardia unijuga","LeafArea.cm2.",9,"chinaroots","alexander-keller",2022-08-10
"640","Engelhardia unijuga","LeafPermiter.cm.",9,"chinaroots","alexander-keller",2022-08-10
"641","Engelhardia unijuga","LeafWidth.cm.",9,"chinaroots","alexander-keller",2022-08-10
"642","Engelhardia unijuga","LeafHeight.cm.",9,"chinaroots","alexander-keller",2022-08-10
"643","Engelhardia unijuga","LeafCircularity",9,"chinaroots","alexander-keller",2022-08-10
"644","Engelhardia unijuga","LeafAspectRatio",9,"chinaroots","alexander-keller",2022-08-10
"645","Engelhardia unijuga","LeafRoundness",9,"chinaroots","alexander-keller",2022-08-10
"646","Engelhardia unijuga","LeafMass.g.",9,"chinaroots","alexander-keller",2022-08-10
"647","Engelhardia unijuga","SLA.m2.Kg.",9,"chinaroots","alexander-keller",2022-08-10
"648","Engelhardia unijuga","LeafThickness.mm.",9,"chinaroots","alexander-keller",2022-08-10
"649","Planchonella annamensis","LeafArea.cm2.",6,"chinaroots","alexander-keller",2022-08-10
"650","Planchonella annamensis","LeafPermiter.cm.",6,"chinaroots","alexander-keller",2022-08-10
"651","Planchonella annamensis","LeafWidth.cm.",6,"chinaroots","alexander-keller",2022-08-10
"652","Planchonella annamensis","LeafHeight.cm.",6,"chinaroots","alexander-keller",2022-08-10
"653","Planchonella annamensis","LeafCircularity",6,"chinaroots","alexander-keller",2022-08-10
"654","Planchonella annamensis","LeafAspectRatio",6,"chinaroots","alexander-keller",2022-08-10
"655","Planchonella annamensis","LeafRoundness",6,"chinaroots","alexander-keller",2022-08-10
"656","Planchonella annamensis","LeafMass.g.",6,"chinaroots","alexander-keller",2022-08-10
"657","Planchonella annamensis","SLA.m2.Kg.",6,"chinaroots","alexander-keller",2022-08-10
"658","Planchonella annamensis","LeafThickness.mm.",6,"chinaroots","alexander-keller",2022-08-10
"659","Castanopsis fabri","LeafArea.cm2.",6,"chinaroots","alexander-keller",2022-08-10
"660","Castanopsis fabri","LeafPermiter.cm.",6,"chinaroots","alexander-keller",2022-08-10
"661","Castanopsis fabri","LeafWidth.cm.",6,"chinaroots","alexander-keller",2022-08-10
"662","Castanopsis fabri","LeafHeight.cm.",6,"chinaroots","alexander-keller",2022-08-10
"663","Castanopsis fabri","LeafCircularity",6,"chinaroots","alexander-keller",2022-08-10
"664","Castanopsis fabri","LeafAspectRatio",6,"chinaroots","alexander-keller",2022-08-10
"665","Castanopsis fabri","LeafRoundness",6,"chinaroots","alexander-keller",2022-08-10
"666","Castanopsis fabri","LeafMass.g.",6,"chinaroots","alexander-keller",2022-08-10
"667","Castanopsis fabri","SLA.m2.Kg.",6,"chinaroots","alexander-keller",2022-08-10
"668","Castanopsis fabri","LeafThickness.mm.",6,"chinaroots","alexander-keller",2022-08-10
"669","Lithocarpus howii","LeafArea.cm2.",6,"chinaroots","alexander-keller",2022-08-10
"670","Lithocarpus howii","LeafPermiter.cm.",6,"chinaroots","alexander-keller",2022-08-10
"671","Lithocarpus howii","LeafWidth.cm.",6,"chinaroots","alexander-keller",2022-08-10
"672","Lithocarpus howii","LeafHeight.cm.",6,"chinaroots","alexander-keller",2022-08-10
"673","Lithocarpus howii","LeafCircularity",6,"chinaroots","alexander-keller",2022-08-10
"674","Lithocarpus howii","LeafAspectRatio",6,"chinaroots","alexander-keller",2022-08-10
"675","Lithocarpus howii","LeafRoundness",6,"chinaroots","alexander-keller",2022-08-10
"676","Lithocarpus howii","LeafMass.g.",6,"chinaroots","alexander-keller",2022-08-10
"677","Lithocarpus howii","SLA.m2.Kg.",6,"chinaroots","alexander-keller",2022-08-10
"678","Diospyros morrisiana","LeafArea.cm2.",6,"chinaroots","alexander-keller",2022-08-10
"679","Diospyros morrisiana","LeafPermiter.cm.",6,"chinaroots","alexander-keller",2022-08-10
"680","Diospyros morrisiana","LeafWidth.cm.",6,"chinaroots","alexander-keller",2022-08-10
"681","Diospyros morrisiana","LeafHeight.cm.",6,"chinaroots","alexander-keller",2022-08-10
"682","Diospyros morrisiana","LeafCircularity",6,"chinaroots","alexander-keller",2022-08-10
"683","Diospyros morrisiana","LeafAspectRatio",6,"chinaroots","alexander-keller",2022-08-10
"684","Diospyros morrisiana","LeafRoundness",6,"chinaroots","alexander-keller",2022-08-10
"685","Diospyros morrisiana","LeafMass.g.",6,"chinaroots","alexander-keller",2022-08-10
"686","Diospyros morrisiana","SLA.m2.Kg.",6,"chinaroots","alexander-keller",2022-08-10
"687","Diospyros morrisiana","LeafThickness.mm.",6,"chinaroots","alexander-keller",2022-08-10
"688","Canarium pimela","LeafThickness.mm.",6,"chinaroots","alexander-keller",2022-08-10
"689","Lithocarpus hancei","LeafArea.cm2.",3,"chinaroots","alexander-keller",2022-08-10
"690","Lithocarpus hancei","LeafPermiter.cm.",3,"chinaroots","alexander-keller",2022-08-10
"691","Lithocarpus hancei","LeafWidth.cm.",3,"chinaroots","alexander-keller",2022-08-10
"692","Lithocarpus hancei","LeafHeight.cm.",3,"chinaroots","alexander-keller",2022-08-10
"693","Lithocarpus hancei","LeafCircularity",3,"chinaroots","alexander-keller",2022-08-10
"694","Lithocarpus hancei","LeafAspectRatio",3,"chinaroots","alexander-keller",2022-08-10
"695","Lithocarpus hancei","LeafRoundness",3,"chinaroots","alexander-keller",2022-08-10
"696","Lithocarpus hancei","LeafMass.g.",3,"chinaroots","alexander-keller",2022-08-10
"697","Lithocarpus hancei","SLA.m2.Kg.",3,"chinaroots","alexander-keller",2022-08-10
"698","Lithocarpus hancei","LeafThickness.mm.",3,"chinaroots","alexander-keller",2022-08-10
"699","Lithocarpus handelianus","LeafArea.cm2.",3,"chinaroots","alexander-keller",2022-08-10
"700","Lithocarpus handelianus","LeafPermiter.cm.",3,"chinaroots","alexander-keller",2022-08-10
"701","Lithocarpus handelianus","LeafWidth.cm.",3,"chinaroots","alexander-keller",2022-08-10
"702","Lithocarpus handelianus","LeafHeight.cm.",3,"chinaroots","alexander-keller",2022-08-10
"703","Lithocarpus handelianus","LeafCircularity",3,"chinaroots","alexander-keller",2022-08-10
"704","Lithocarpus handelianus","LeafAspectRatio",3,"chinaroots","alexander-keller",2022-08-10
"705","Lithocarpus handelianus","LeafRoundness",3,"chinaroots","alexander-keller",2022-08-10
"706","Lithocarpus handelianus","LeafMass.g.",3,"chinaroots","alexander-keller",2022-08-10
"707","Lithocarpus handelianus","SLA.m2.Kg.",3,"chinaroots","alexander-keller",2022-08-10
"708","Lithocarpus howii","LeafThickness.mm.",3,"chinaroots","alexander-keller",2022-08-10
"709","Engelhardia spicata","LeafArea.cm2.",3,"chinaroots","alexander-keller",2022-08-10
"710","Engelhardia spicata","LeafPermiter.cm.",3,"chinaroots","alexander-keller",2022-08-10
"711","Engelhardia spicata","LeafWidth.cm.",3,"chinaroots","alexander-keller",2022-08-10
"712","Engelhardia spicata","LeafHeight.cm.",3,"chinaroots","alexander-keller",2022-08-10
"713","Engelhardia spicata","LeafCircularity",3,"chinaroots","alexander-keller",2022-08-10
"714","Engelhardia spicata","LeafAspectRatio",3,"chinaroots","alexander-keller",2022-08-10
"715","Engelhardia spicata","LeafRoundness",3,"chinaroots","alexander-keller",2022-08-10
"716","Engelhardia spicata","LeafMass.g.",3,"chinaroots","alexander-keller",2022-08-10
"717","Engelhardia spicata","SLA.m2.Kg.",3,"chinaroots","alexander-keller",2022-08-10
"718","Engelhardia spicata","LeafThickness.mm.",3,"chinaroots","alexander-keller",2022-08-10
